task,memory_split,b0_score,b0_success,b1_score,b1_success,b2_score,b2_success,b3_score,b3_success,b4_score,b4_success
AcceptMeetingTask,single_app_control,1.0,True,1.0,True,1.0,True,1.0,True,0.0,False
AdjustBrightnessMaximumTask,single_app_control,1.0,True,1.0,True,1.0,True,1.0,True,0.0,False
AdjustBrightnessMinimumTask,single_app_control,1.0,True,1.0,True,1.0,True,1.0,True,1.0,True
AdjustFontIconMaximumTask,single_app_control,0.0,False,0.0,False,0.0,False,0.0,False,0.0,False
AdjustFontIconMinimumTask,single_app_control,1.0,True,1.0,True,1.0,True,1.0,True,1.0,True
BidFileRenameTask,single_app_control,0.0,False,0.0,False,0.0,False,0.0,False,0.0,False
CVEmailTask,cross_app_memory_candidate,0.0,False,1.0,True,0.0,False,0.0,False,1.0,True
CancelMeetingTask,single_app_control,1.0,True,1.0,True,1.0,True,1.0,True,1.0,True
CartInfoNotificationTask,cross_app_memory_candidate,0.0,False,0.0,False,0.0,False,0.0,False,0.0,False
CartManagementTask,single_app_control,0.0,False,0.0,False,1.0,True,0.0,False,1.0,True
ChangeWallpaperTask,cross_app_memory_candidate,1.0,True,1.0,True,1.0,True,1.0,True,1.0,True
CheckCartPriceTask,single_app_control,0.0,False,0.0,False,0.0,False,0.0,False,0.0,False
CheckConferenceAndSendSmsTask1,cross_app_memory_candidate,0.0,False,0.0,False,0.0,False,0.0,False,0.0,False
CheckConferenceAndSendSmsTask2,cross_app_memory_candidate,0.0,False,0.0,False,0.0,False,0.0,False,0.0,False
CheckConferenceDurationTask,single_app_control,0.0,False,0.0,False,0.0,False,0.0,False,0.0,False
CheckConferenceLocationTask,cross_app_memory_candidate,1.0,True,0.0,False,0.0,False,0.0,False,0.0,False
CheckDeduplicatedEventsTask,single_app_control,0.0,False,0.0,False,0.0,False,0.0,False,0.0,False
CheckDepartTimeTask,cross_app_memory_candidate,1.0,True,1.0,True,1.0,True,1.0,True,1.0,True
CheckEventTimeTask,cross_app_memory_candidate,0.0,False,0.0,False,0.0,False,0.0,False,0.0,False
CheckGithubInfoTask,cross_app_memory_candidate,0.0,False,1.0,True,0.0,False,0.0,False,1.0,True
CheckInterviewTimesTask,cross_app_memory_candidate,0.0,False,0.0,False,0.0,False,0.0,False,0.0,False
CheckInvoiceTask1,cross_app_memory_candidate,1.0,True,0.0,False,1.0,True,1.0,True,1.0,True
CheckInvoiceTask2,cross_app_memory_candidate,0.0,False,0.0,False,0.0,False,0.0,False,0.0,False
CheckInvoiceTask3,cross_app_memory_candidate,0.0,False,0.0,False,0.0,False,0.0,False,0.0,False
CheckPuchasedItem,single_app_control,1.0,True,1.0,True,1.0,True,1.0,True,1.0,True
CheckRegistrationTask,single_app_control,1.0,True,1.0,True,1.0,True,1.0,True,1.0,True
CheckSetMeetTimeTask,cross_app_memory_candidate,0.0,False,0.0,False,0.0,False,0.0,False,1.0,True
ChromeSearchBeijingWeatherTask,single_app_control,0.0,False,0.0,False,0.0,False,0.0,False,0.0,False
CloseFlightModeTask,single_app_control,1.0,True,1.0,True,1.0,True,1.0,True,1.0,True
CountFileLinesTask,single_app_control,0.0,False,0.0,False,0.0,False,0.0,False,0.0,False
DownloadSendReceiptTask,single_app_control,0.0,False,0.0,False,0.0,False,0.0,False,0.0,False
GoogleMapsAlibabaPhoneContactTask,cross_app_memory_candidate,0.0,False,0.0,False,0.0,False,0.0,False,0.0,False
GoogleMapsAlibabaSouthNeighborTask,single_app_control,0.0,False,0.0,False,0.0,False,0.0,False,0.0,False
GraduationMassEmailTask,cross_app_memory_candidate,0.0,False,0.0,False,0.0,False,0.0,False,0.0,False
InvoiceReceiptCopyAskUserTask,single_app_control,0.0,False,0.0,False,0.0,False,0.0,False,0.0,False
InvoiceReceiptCopyTask,single_app_control,0.0,False,0.0,False,1.0,True,1.0,True,1.0,True
ItemCheckoutTask,single_app_control,0.0,False,0.0,False,1.0,True,1.0,True,1.0,True
LocalFileManagementTask,cross_app_memory_candidate,0.0,False,0.0,False,0.0,False,0.0,False,0.0,False
LocalFileManagementTask2,cross_app_memory_candidate,0.0,False,0.0,False,0.0,False,0.0,False,0.0,False
MastodonAddBookmarkTask,single_app_control,0.0,False,1.0,True,1.0,True,1.0,True,0.0,False
MastodonAddFeaturedHashtagsTask,single_app_control,0.0,False,0.0,False,0.0,False,0.0,False,0.0,False
MastodonAdjustTootsTask,single_app_control,0.0,False,0.0,False,0.0,False,0.0,False,0.0,False
MastodonCalendarMultiMemosTask,cross_app_memory_candidate,0.0,False,0.0,False,0.0,False,0.0,False,0.0,False
MastodonChangeHeaderTask,cross_app_memory_candidate,1.0,True,1.0,True,1.0,True,1.0,True,1.0,True
MastodonChangeLanguageTask,single_app_control,1.0,True,1.0,True,1.0,True,1.0,True,1.0,True
MastodonConditionalFavoTask,single_app_control,0.0,False,0.0,False,0.0,False,0.0,False,0.0,False
MastodonCreateListTask,single_app_control,1.0,True,1.0,True,1.0,True,1.0,True,0.0,False
MastodonCreateMemoTask,cross_app_memory_candidate,0.0,False,0.0,False,0.0,False,0.0,False,0.0,False
MastodonExportFollowsTask,single_app_control,0.0,False,0.0,False,0.0,False,0.0,False,0.0,False
MastodonFavoriteTootsTask,single_app_control,0.0,False,0.0,False,0.0,False,0.0,False,0.0,False
MastodonFilterLanguageTask,single_app_control,0.0,False,0.0,False,0.0,False,0.0,False,0.0,False
MastodonFollowTask,cross_app_memory_candidate,1.0,True,1.0,True,1.0,True,1.0,True,1.0,True
MastodonGetServerInfoTask,single_app_control,0.0,False,0.0,False,0.0,False,0.0,False,0.0,False
MastodonImportMutedUsersTask,single_app_control,0.0,False,0.0,False,0.0,False,0.0,False,0.0,False
MastodonInviteTask,cross_app_memory_candidate,0.0,False,0.0,False,0.0,False,0.0,False,0.0,False
MastodonMallPurchaseCommodityTask,cross_app_memory_candidate,1.0,True,0.0,False,0.0,False,0.0,False,1.0,True
MastodonMallShareOrderTask,cross_app_memory_candidate,0.0,False,0.0,False,0.0,False,0.0,False,0.0,False
MastodonManageHashtagsTask,single_app_control,1.0,True,1.0,True,0.0,False,1.0,True,0.0,False
MastodonManageMultiListTask,single_app_control,0.0,False,0.0,False,0.0,False,1.0,True,1.0,True
MastodonMattermostPostNoticeTask,cross_app_memory_candidate,0.0,False,0.0,False,0.0,False,1.0,True,0.0,False
MastodonMultiInviteTask,cross_app_memory_candidate,0.0,False,0.0,False,0.0,False,0.0,False,0.0,False
MastodonNewFilterTask,cross_app_memory_candidate,0.0,False,0.0,False,0.0,False,0.0,False,0.0,False
MastodonNewPostTask,single_app_control,1.0,True,1.0,True,1.0,True,1.0,True,1.0,True
MastodonOpenAutomatedDeletionTask,single_app_control,0.0,False,0.0,False,0.0,False,0.0,False,0.0,False
MastodonPinTootsTask,single_app_control,1.0,True,1.0,True,0.0,False,1.0,True,1.0,True
MastodonPostEditedPhotoTask,cross_app_memory_candidate,0.0,False,0.0,False,0.0,False,0.0,False,0.0,False
MastodonPostPollTask,cross_app_memory_candidate,1.0,True,1.0,True,1.0,True,1.0,True,1.0,True
MastodonRemoveBookmarkTask,single_app_control,0.0,False,0.0,False,0.0,False,0.0,False,1.0,True
MastodonReplyTask,single_app_control,0.0,False,0.0,False,0.0,False,0.0,False,0.0,False
MastodonReportTask,single_app_control,0.0,False,0.0,False,0.0,False,0.0,False,0.0,False
MastodonRevisePhotoAltTask,single_app_control,0.0,False,0.0,False,0.0,False,0.0,False,0.0,False
MastodonRevisePollTask,single_app_control,0.0,False,0.0,False,0.0,False,0.0,False,0.0,False
MastodonSavePhotosTask,cross_app_memory_candidate,0.0,False,0.0,False,0.0,False,0.0,False,0.0,False
MastodonServerInfoReportTask,cross_app_memory_candidate,0.0,False,0.0,False,0.0,False,0.0,False,0.0,False
MastodonShareLocationTask,cross_app_memory_candidate,0.0,False,0.0,False,0.0,False,0.0,False,0.0,False
MastodonUnfollowTask,single_app_control,0.0,False,0.0,False,0.0,False,0.0,False,0.0,False
MastodonUpdateContactsTask,cross_app_memory_candidate,0.0,False,0.0,False,0.0,False,0.0,False,0.0,False
MattermostBudgetApprovalPipelineTask,single_app_control,0.0,False,0.0,False,0.0,False,0.0,False,0.0,False
MattermostCreateChannelTask,single_app_control,1.0,True,1.0,True,1.0,True,0.0,False,0.0,False
MattermostCustomerFeedbackAnalysisTask,cross_app_memory_candidate,0.0,False,0.0,False,1.0,True,0.0,False,0.0,False
MattermostDeadlineReconciliationTask,cross_app_memory_candidate,0.0,False,0.0,False,0.0,False,0.0,False,0.0,False
MattermostEmailTask,cross_app_memory_candidate,0.0,False,0.0,False,0.0,False,0.0,False,0.0,False
MattermostIncidentEscalationTask,cross_app_memory_candidate,0.0,False,1.0,True,1.0,True,0.0,False,0.0,False
MattermostProjectHandoverTask,cross_app_memory_candidate,0.0,False,0.0,False,0.0,False,0.0,False,0.0,False
MattermostProjectStatusReportTask,cross_app_memory_candidate,0.0,False,0.0,False,0.0,False,0.0,False,0.0,False
MattermostReadingGroupTask,cross_app_memory_candidate,0.0,False,0.0,False,0.0,False,0.0,False,0.0,False
MattermostReplyToMessageTask,single_app_control,1.0,True,1.0,True,1.0,True,1.0,True,0.0,False
MattermostResourceConflictResolutionTask,cross_app_memory_candidate,0.0,False,0.0,False,0.0,False,0.0,False,0.0,False
MattermostSendFileTask,single_app_control,0.0,False,0.0,False,0.0,False,0.0,False,1.0,True
MattermostShiftCoverageTask,cross_app_memory_candidate,0.0,False,0.0,False,0.0,False,0.0,False,0.0,False
MattermostTechnicalDebtTriageTask,cross_app_memory_candidate,0.0,False,0.0,False,0.0,False,0.0,False,0.0,False
MattermostVisualInstructionResponseTask,cross_app_memory_candidate,0.0,False,0.0,False,0.0,False,0.0,False,0.0,False
OpenFlightModeTask,single_app_control,0.0,False,1.0,True,0.0,False,1.0,True,1.0,True
PhotoManagementTask,cross_app_memory_candidate,0.0,False,0.0,False,0.0,False,0.0,False,0.0,False
ReadQwen3PaperTask1,cross_app_memory_candidate,0.0,False,0.0,False,0.0,False,0.0,False,0.0,False
ReadQwen3PaperTask2,cross_app_memory_candidate,0.0,False,0.0,False,0.0,False,0.0,False,0.0,False
ReadQwen3PaperTask3,cross_app_memory_candidate,0.0,False,0.0,False,0.0,False,0.0,False,0.0,False
ReadQwen3PaperTask4,cross_app_memory_candidate,1.0,True,0.0,False,0.0,False,1.0,True,1.0,True
ReadQwen3PaperTask5,cross_app_memory_candidate,0.0,False,0.0,False,0.0,False,0.0,False,0.0,False
RecentTotalExpenseTask,single_app_control,0.0,False,0.0,False,0.0,False,1.0,True,1.0,True
RequestCarpoolingTask,cross_app_memory_candidate,1.0,True,1.0,True,1.0,True,1.0,True,1.0,True
ReviewPaperEmailTask,cross_app_memory_candidate,1.0,True,0.0,False,0.0,False,0.0,False,0.0,False
SMSManagement,cross_app_memory_candidate,0.0,False,0.0,False,0.0,False,0.0,False,0.0,False
ScheduleCoffeeTimeViaSmsTask,cross_app_memory_candidate,1.0,True,0.0,False,0.0,False,0.0,False,0.0,False
ScheduleLunchViaSmsTask,cross_app_memory_candidate,0.0,False,0.0,False,0.0,False,0.0,False,0.0,False
SearchItemAndCheckoutTask,single_app_control,1.0,True,1.0,True,1.0,True,1.0,True,1.0,True
SendFormsTask,single_app_control,0.0,False,0.0,False,0.0,False,0.0,False,0.0,False
SendInterviewEmailTask,cross_app_memory_candidate,1.0,True,1.0,True,1.0,True,1.0,True,1.0,True
SendInterviewInvitationTask,cross_app_memory_candidate,0.0,False,0.0,False,0.0,False,0.0,False,0.0,False
SendWaiverTask,single_app_control,1.0,True,1.0,True,1.0,True,1.0,True,1.0,True
SetAlarmTask,single_app_control,1.0,True,1.0,True,0.0,False,1.0,True,1.0,True
SharePhotosTask,cross_app_memory_candidate,0.0,False,0.0,False,0.0,False,0.0,False,0.0,False
SuggestPaperTask,cross_app_memory_candidate,0.0,False,0.0,False,0.0,False,0.0,False,0.0,False
SumFileLinesTask,single_app_control,0.0,False,0.0,False,0.0,False,0.0,False,0.0,False
TakeSelfieTask,single_app_control,1.0,True,1.0,True,1.0,True,1.0,True,1.0,True
TextArrivalTimeTask,cross_app_memory_candidate,1.0,True,0.0,False,1.0,True,0.0,False,1.0,True
ThanksgivingPrepTask,cross_app_memory_candidate,0.0,False,0.0,False,0.0,False,0.0,False,0.0,False
