claim_id	claim_text	status	comparison	effect	uncertainty	artifact	revision	main_location	allowed_strength	notes
C1	CausalCache reallocates exactly B active history-image slots over a complete summary trace; it does not add images or delete event summaries.	confirmed	Recent-B versus CausalCache at matched B; unit is one decision prompt.	Protocol identity: both arms contain B active history images.	NA	paper/main.tex; docs/paper_figures_v1.md	base Git 554d61d1568ade09b4f5dd9d9c3fa3c7352ff646; figure SVG sha256 0b183fb16d21b7d5f07f0e9c055d023baff85fa5e4a0f91958ce0475f93d3cd1	Figure 1; Method; Experimental Setup	establishes	This is a protocol/property claim, not an empirical performance claim; k is realized, not preset.
C2	HGKV creates selective use of relevant restored pixels while staying inside the preregistered recent/wrong drift envelope.	confirmed	HGKV v4 selected checkpoint versus its own frozen arms on 94 desktop development groups at B=1.	DiD select +0.0224; |A_r|=0.0088; wrong drift=0.0085.	95% CI for DiD select [+0.0162,+0.0294]; both drifts below epsilon=0.02.	data/results/desktop_did_policy_v4/	config code/configs/causalcache_desktop_did_hgkv_v4.json; selected step 300	Table 3; Results; Supplement	supports	B0 parity is bitwise exact; do not generalize this desktop gate directly to closed-loop task success.
C3	CausalCache attains the highest zero-shot MobileWorld full-roster three-run mean and improves over HGKV+Recent-4.	confirmed	CausalCache three runs versus HGKV+Recent-4 three runs; 117-task strict roster, task-clustered paired mean.	+6.6 percentage points (36.8% versus 30.2%); CausalCache succeeds on 43/117 tasks in each round.	95% CI [+0.3,+13.1] pp; p=0.035.	data/results/mobileworld_review_ablations_v1/reduce_frozensel.json; paper/main.tex	legacy frozensel key corrected to HGKV+selector; three identical round counts confirmed 2026-07-31	Closed-loop table; Results; Supplement	supports	The historical frozensel filename and arm key are mislabeled; their 36.8/30.6/43.6 statistics belong to HGKV+selector. Frozen+selector is the separate 33.9/28.0/40.6 arm.
C4	CausalCache improves MobileWorld success on the construction-defined memory-critical split.	confirmed	CausalCache versus Recent-4 at B=4; 62 construction-defined cross-app memory-candidate tasks.	+11.3 percentage points by the unrounded paired estimate (30.6% versus 19.4%; the main table displays +11.2 from rounded rates); CausalCache succeeds on 19/62 tasks in each round.	95% CI [+2.7,+20.4] pp; p=0.006.	data/results/mobileworld_review_ablations_v1/reduce_frozensel.json; paper/main.tex	legacy frozensel key corrected to HGKV+selector; three identical round counts confirmed 2026-07-31	Results; Abstract; Supplement	supports	The split is construction-defined and not selected after seeing per-task outcomes.
C5	CausalCache is statistically indistinguishable from Recent-4 on the matched MobileWorld control split.	inconclusive	CausalCache versus Recent-4 at B=4 on 55 matched single-app controls.	+1.2 percentage points (43.6% versus 42.4%); CausalCache succeeds on 24/55 tasks in each round.	95% CI [-7.9,+10.3] pp; p=0.753.	data/results/mobileworld_review_ablations_v1/reduce_frozensel.json; paper/main.tex	legacy frozensel key corrected to HGKV+selector; three identical round counts confirmed 2026-07-31	Results; Supplement	descriptive	The interval crosses zero; say no detectable difference/statistically indistinguishable, not beneficial or equivalent.
C6	The proposal-conditioned two-pass selector comparator has a higher MobileWorld point estimate than the last-action single-pass efficiency branch.	inconclusive	Last-action one-pass versus the repeated proposal-conditioned selector comparator.	Proposal conditioning is +4.8 percentage points over last-action conditioning.	95% CI [-0.6,+10.5] pp.	data/results/mobileworld_hgkv_selected_b4/per_task_success_sel1p.json	selector bundle sha256 c72974ab611c99fb9b52f770b6689d5448dc1ca74387af36531bdfca1c18a00	Method; Results; Figure 1; Supplement	descriptive	The interval crosses zero; the last-action path remains an efficiency branch, while proposal conditioning often incurs a second policy pass.
C7	In one audited CartInfoNotificationTask episode, restoring event 7 exposes missing item/order pixels and accompanies a correct successful message, while an independent Recent-4 run types the wrong values and fails.	confirmed	Selected r2 versus Recent-4 r2 qualitative episode; B=4 in both runs.	Selected allocation [6,7,8,12], recent tail [11,12,13,14], realized k=3; evaluator 1.0 versus 0.0.	NA; single episode.	data/results/mobileworld_hgkv_selected_b4/qualitative_cart_audit.json	selected trace sha256 ff4319750fd7d505e2ec7b6d237fb988ab1e3455af939c9b13a1adb9ec32b2e5; recent trace sha256 ddf472947ae751dcc43096f464ba7809f5d919f493790f10280f08b7a11ce6f9	Figure 2	descriptive	Mechanism illustration only; no causal or aggregate generalization from one episode.
C8	The reported OSWorld allocation advantage is horizon-conditional: CausalCache exceeds Recent-4 at max_steps=30, while the initial 15-step sensitivity is inconclusive and heavily truncated.	provisional	CausalCache versus Recent-4 at matched B=4 and matched max_steps on the 361-task no-GDrive roster; 30-step main comparison plus 15-step sensitivity.	At 30 steps: 46.7% versus 42.4% (+4.3 pp); at 15 steps: 33.3% versus 33.0% (+0.3 pp), with 352/361 episodes reaching the cap.	The 15-step contrast is reported as statistically indistinguishable; the 30-step paired CI is not yet backed by Git-synced raw records.	data/results/osworld30_crosscheck_v1/README.md; data/results/osworld_verified_closed_loop/README.md	paper branch jaxan/trusting-zhukovsky-00d2bf observed at df7021d; original paired records pending Git sync	Abstract; Table 1; Desktop closed loop; Supplement	descriptive	max_steps is a serving-time rollout parameter, not the task-success evaluator. Do not call 15 official/primary, do not generalize across horizons, and do not mark the 30-step margin significant until canonical paired records are available.
C9	The MobileWorld split-by-method interaction has a positive point estimate but remains statistically inconclusive.	inconclusive	CausalCache versus Recent-4 at B=4; difference between the 62-task memory-critical paired effect and the 55-task control paired effect.	+10.1 percentage points.	95% CI [-2.2,+22.9] pp; two-sided p=0.114.	data/results/mobileworld_review_ablations_v1/frozensel_tasks.json; data/results/mobileworld_hgkv_selected_b4/recent_per_task_r1.json	20,000 task-paired bootstrap replicates per stratum, seed 20260728	Table 1; Figure 3; Supplement	descriptive	The point estimate supports the decomposition descriptively, but the interaction interval crosses zero and must not be called significant.
